"agent_id","name","email","phone"
"001","Alice Smith","alice.smith@example.com","+44 7700 900123"
"002","Bob Johnson","bob.johnson@example.com","+44 7711 345678"
"003","Clara Davis","clara.davis@example.com","+44 7722 456789"
"004","Daniel Brown","daniel.brown@example.com","+44 7733 567890"
"005","Emily Wilson","emily.wilson@example.com","+44 7744 678901"
"006","Frank Harris","frank.harris@example.com","+44 7755 789012"
"007","Grace Adams","grace.adams@example.com","+44 7766 890123"
"008","Henry Lewis","henry.lewis@example.com","+44 7777 901234"
"009","Isla Moore","isla.moore@example.com","+44 7788 012345"
"010","Jack White","jack.white@example.com","+44 7799 123456"